<?xml version="1.0" encoding="UTF-8"?>
<con:soapui-project id="ee0c7835-4814-4942-be8b-1c924bb73df9" activeEnvironment="Default" name="REST Comprehensive" soapui-version="5.6.0" abortOnError="false" runType="SEQUENTIAL" resourceRoot="" xmlns:con="http://eviware.com/soapui/config"><con:settings/><con:interface xsi:type="con:RestService" id="b603607a-0e05-4f34-a977-89ad24b7e4bf" wadlVersion="http://wadl.dev.java.net/2009/02" name="https://kalinga-be.azurewebsites.net" type="rest" xmlns:xsi="http://www.w3.org/2001/XMLSchema-instance"><con:settings/><con:definitionCache type="TEXT" rootPart=""/><con:endpoints><con:endpoint>https://kalinga-be.azurewebsites.net</con:endpoint></con:endpoints><con:resource name="Employee" path="/api/v1/employee" id="0f9f9383-52ee-4f89-ba64-9580d09c41a5"><con:settings/><con:parameters/><con:method name="Employee 1" id="8c5af82f-b550-4e8d-81eb-b1b71001883b" method="POST"><con:settings/><con:parameters/><con:representation type="REQUEST"><con:mediaType>application/json</con:mediaType><con:params/></con:representation><con:representation type="FAULT"><con:mediaType>application/json</con:mediaType><con:status>500 400</con:status><con:params/><con:element xmlns:emp="https://kalinga-be.azurewebsites.net/api/v1/employee">emp:Fault</con:element></con:representation><con:representation type="RESPONSE"><con:mediaType>application/json</con:mediaType><con:status>201</con:status><con:params/><con:element xmlns:emp="https://kalinga-be.azurewebsites.net/api/v1/employee">emp:Response</con:element></con:representation><con:representation type="RESPONSE"><con:mediaType xsi:nil="true"/><con:status>0</con:status><con:params/><con:element>data</con:element></con:representation><con:representation type="RESPONSE"><con:mediaType xsi:nil="true"/><con:status>0</con:status><con:params/><con:element>data</con:element></con:representation><con:representation type="RESPONSE"><con:mediaType xsi:nil="true"/><con:status>0</con:status><con:params/><con:element>data</con:element></con:representation><con:representation type="RESPONSE"><con:mediaType xsi:nil="true"/><con:status>0</con:status><con:params/><con:element>data</con:element></con:representation><con:request name="post" id="c86af09d-5405-43ea-a23c-21517d57dd85" mediaType="application/json" postQueryString="false"><con:settings><con:setting id="com.eviware.soapui.impl.wsdl.WsdlRequest@request-headers">&lt;xml-fragment/></con:setting></con:settings><con:endpoint>https://kalinga-be.azurewebsites.net</con:endpoint><con:request>{
  "compitency": "C1",
  "id": 212200,
  "name": "Bbn",
  "yearOfJoining": 2021
}</con:request><con:originalUri>https://kalinga-be.azurewebsites.net/api/v1/employee</con:originalUri><con:credentials><con:authType>No Authorization</con:authType></con:credentials><con:jmsConfig JMSDeliveryMode="PERSISTENT"/><con:jmsPropertyConfig/><con:parameters/></con:request></con:method></con:resource></con:interface><con:interface xsi:type="con:RestService" id="52f8e8cb-b180-478a-8ac8-ab0d8d3044c6" wadlVersion="http://wadl.dev.java.net/2009/02" name="https://kalinga-be.azurewebsites.net" type="rest" xmlns:xsi="http://www.w3.org/2001/XMLSchema-instance"><con:settings/><con:definitionCache type="TEXT" rootPart=""/><con:endpoints><con:endpoint>https://kalinga-be.azurewebsites.net</con:endpoint></con:endpoints><con:resource name="1100" path="/api/v1/employees/{id}" id="4a88aa5f-7c3c-4749-94a0-4c36414c84e8"><con:settings/><con:parameters><con:parameter><con:name>id</con:name><con:value>1100</con:value><con:style>TEMPLATE</con:style><con:default>1100</con:default></con:parameter></con:parameters><con:method name="1100 1" id="54a3e848-a3fe-4d04-968f-36bf8b97bf14" method="GET"><con:settings/><con:parameters/><con:representation type="RESPONSE"><con:mediaType>application/json</con:mediaType><con:status>202</con:status><con:params/><con:element xmlns:emp="https://kalinga-be.azurewebsites.net/api/v1/employees">emp:Response</con:element></con:representation><con:representation type="FAULT"><con:mediaType>application/json</con:mediaType><con:status>500</con:status><con:params/><con:element xmlns:emp="https://kalinga-be.azurewebsites.net/api/v1/employees">emp:Fault</con:element></con:representation><con:representation type="RESPONSE"><con:mediaType xsi:nil="true"/><con:status>0</con:status><con:params/><con:element>data</con:element></con:representation><con:representation type="RESPONSE"><con:mediaType xsi:nil="true"/><con:status>0</con:status><con:params/><con:element>data</con:element></con:representation><con:representation type="RESPONSE"><con:mediaType xsi:nil="true"/><con:status>0</con:status><con:params/><con:element>data</con:element></con:representation><con:representation type="RESPONSE"><con:mediaType xsi:nil="true"/><con:status>0</con:status><con:params/><con:element>data</con:element></con:representation><con:representation type="RESPONSE"><con:mediaType xsi:nil="true"/><con:status>0</con:status><con:params/><con:element>data</con:element></con:representation><con:representation type="FAULT"><con:mediaType>text/html</con:mediaType><con:status>403</con:status><con:params/></con:representation><con:request name="getById" id="a540bccd-0678-4931-b210-d2a2695fc4d3" mediaType="application/json"><con:settings><con:setting id="com.eviware.soapui.impl.wsdl.WsdlRequest@request-headers">&lt;xml-fragment/></con:setting></con:settings><con:endpoint>https://kalinga-be.azurewebsites.net</con:endpoint><con:request/><con:originalUri>https://kalinga-be.azurewebsites.net/api/v1/employees</con:originalUri><con:credentials><con:authType>No Authorization</con:authType></con:credentials><con:jmsConfig JMSDeliveryMode="PERSISTENT"/><con:jmsPropertyConfig/><con:parameters><entry key="id" value="212200" xmlns="http://eviware.com/soapui/config"/></con:parameters><con:parameterOrder><con:entry>id</con:entry></con:parameterOrder></con:request></con:method></con:resource></con:interface><con:interface xsi:type="con:RestService" id="aeaa305f-aa87-4b96-a0b4-41881825f7ef" wadlVersion="http://wadl.dev.java.net/2009/02" name="https://kalinga-be.azurewebsites.net" type="rest" xmlns:xsi="http://www.w3.org/2001/XMLSchema-instance"><con:settings/><con:definitionCache/><con:endpoints><con:endpoint>https://kalinga-be.azurewebsites.net</con:endpoint></con:endpoints><con:resource name="100" path="/api/v1/employees/{id}" id="c8d27900-996e-44d0-a87d-2c5894df6ed4"><con:settings/><con:parameters><con:parameter><con:name>id</con:name><con:value>1100</con:value><con:style>TEMPLATE</con:style><con:default>1100</con:default></con:parameter></con:parameters><con:method name="100 1" id="786eecbf-8eb9-43f2-b082-21819ea913c0" method="DELETE"><con:settings/><con:parameters/><con:representation type="REQUEST"><con:mediaType>application/json</con:mediaType><con:params/></con:representation><con:representation type="FAULT"><con:mediaType>application/json</con:mediaType><con:status>410 500 405</con:status><con:params/><con:element xmlns:ns="https://kalinga-be.azurewebsites.net/api/v1/employees/1100">ns:Fault</con:element></con:representation><con:representation type="RESPONSE"><con:mediaType xsi:nil="true"/><con:status>0</con:status><con:params/><con:element>data</con:element></con:representation><con:request name="delete" id="9bcc1d7e-0505-46ac-b50c-3f16c3e81503" mediaType="application/json" postQueryString="false"><con:settings><con:setting id="com.eviware.soapui.impl.wsdl.WsdlRequest@request-headers">&lt;xml-fragment/></con:setting></con:settings><con:endpoint>https://kalinga-be.azurewebsites.net</con:endpoint><con:request/><con:originalUri>https://kalinga-be.azurewebsites.net/api/v1/employees/1100</con:originalUri><con:credentials><con:authType>No Authorization</con:authType></con:credentials><con:jmsConfig JMSDeliveryMode="PERSISTENT"/><con:jmsPropertyConfig/><con:parameters><entry key="id" value="212200" xmlns="http://eviware.com/soapui/config"/></con:parameters><con:parameterOrder><con:entry>id</con:entry></con:parameterOrder></con:request></con:method></con:resource></con:interface><con:interface xsi:type="con:RestService" id="bc94d491-cf8b-4093-91f2-dee59f785a62" wadlVersion="http://wadl.dev.java.net/2009/02" name="https://kalinga-be.azurewebsites.net" type="rest" xmlns:xsi="http://www.w3.org/2001/XMLSchema-instance"><con:settings/><con:definitionCache/><con:endpoints><con:endpoint>https://kalinga-be.azurewebsites.net</con:endpoint></con:endpoints><con:resource name="110" path="/api/v1/employees/{id}" id="d45eba2c-191c-469c-92f0-106511108774"><con:settings/><con:parameters><con:parameter><con:name>id</con:name><con:value>110</con:value><con:style>TEMPLATE</con:style><con:default>110</con:default></con:parameter></con:parameters><con:method name="110 1" id="7148cf58-8b9f-444e-a78d-a59efe35b5bd" method="PUT"><con:settings/><con:parameters/><con:representation type="RESPONSE"><con:mediaType>application/json</con:mediaType><con:status>202</con:status><con:params/><con:element xmlns:ns="https://kalinga-be.azurewebsites.net/api/v1/employees/110">ns:Response</con:element></con:representation><con:representation type="REQUEST"><con:mediaType>application/json</con:mediaType><con:params/></con:representation><con:representation type="FAULT"><con:mediaType>application/json</con:mediaType><con:status>500 400</con:status><con:params/><con:element xmlns:ns="https://kalinga-be.azurewebsites.net/api/v1/employees/110">ns:Fault</con:element></con:representation><con:representation type="FAULT"><con:mediaType>text/html</con:mediaType><con:status>403</con:status><con:params/></con:representation><con:request name="Request 1" id="e64baa7d-caf1-4990-b5ff-0b27c2d710c5" mediaType="application/json" postQueryString="false"><con:settings><con:setting id="com.eviware.soapui.impl.wsdl.WsdlRequest@request-headers">&lt;xml-fragment/></con:setting></con:settings><con:endpoint>https://kalinga-be.azurewebsites.net</con:endpoint><con:request>{
  "compitency": "Engineer",
  "name": "bbbbn",
  "yearOfJoining": 2020
}</con:request><con:originalUri>https://kalinga-be.azurewebsites.net/api/v1/employees/110</con:originalUri><con:credentials><con:authType>No Authorization</con:authType></con:credentials><con:jmsConfig JMSDeliveryMode="PERSISTENT"/><con:jmsPropertyConfig/><con:parameters><entry key="id" value="110" xmlns="http://eviware.com/soapui/config"/></con:parameters><con:parameterOrder><con:entry>id</con:entry></con:parameterOrder></con:request></con:method></con:resource></con:interface><con:testSuite id="19d95517-4755-4032-9165-2eae9330425a" name="TestSuite1"><con:settings/><con:runType>SEQUENTIAL</con:runType><con:testCase id="19de5548-47fa-4db4-9e65-c13f4d532f0f" failOnError="true" failTestCaseOnErrors="true" keepSession="false" maxResults="0" name="TestCase 1" searchProperties="true"><con:settings/><con:testStep type="restrequest" name="REST post" id="120f566c-908d-4704-b0bd-e7a1acf11004"><con:settings/><con:config service="https://kalinga-be.azurewebsites.net" resourcePath="/api/v1/employee" methodName="Employee 1" xsi:type="con:RestRequestStep" xmlns:xsi="http://www.w3.org/2001/XMLSchema-instance"><con:restRequest name="REST post" id="c86af09d-5405-43ea-a23c-21517d57dd85" mediaType="application/json" postQueryString="false"><con:settings><con:setting id="com.eviware.soapui.impl.wsdl.WsdlRequest@request-headers">&lt;xml-fragment/></con:setting></con:settings><con:endpoint>https://kalinga-be.azurewebsites.net</con:endpoint><con:request>{
  "compitency": "${#TestSuite#compitencyPOST}",
  "id": ${#TestSuite#id},
  "name": "${#TestSuite#name}",
  "yearOfJoining": ${#TestSuite#YearOfJoining}
}</con:request><con:originalUri>https://kalinga-be.azurewebsites.net/api/v1/employee</con:originalUri><con:assertion type="Simple Contains" id="f9fc9a9e-e755-4cc5-89f0-e77aa15a1d5b" name="Contains"><con:configuration><token>CREATED</token><ignoreCase>false</ignoreCase><useRegEx>false</useRegEx></con:configuration></con:assertion><con:credentials><con:authType>No Authorization</con:authType></con:credentials><con:jmsConfig JMSDeliveryMode="PERSISTENT"/><con:jmsPropertyConfig/><con:parameters/></con:restRequest></con:config></con:testStep><con:testStep type="restrequest" name="REST get" id="ba2a7454-a3c8-4dda-b137-0801f4ba5966"><con:settings/><con:config service="https://kalinga-be.azurewebsites.net" resourcePath="/api/v1/employees/{id}" methodName="1100 1" xsi:type="con:RestRequestStep" xmlns:xsi="http://www.w3.org/2001/XMLSchema-instance"><con:restRequest name="REST get" id="a540bccd-0678-4931-b210-d2a2695fc4d3" mediaType="application/json"><con:settings><con:setting id="com.eviware.soapui.impl.wsdl.WsdlRequest@request-headers">&lt;xml-fragment/></con:setting></con:settings><con:endpoint>https://kalinga-be.azurewebsites.net</con:endpoint><con:request/><con:originalUri>https://kalinga-be.azurewebsites.net/api/v1/employees</con:originalUri><con:assertion type="Valid HTTP Status Codes" id="cd207048-56ec-498f-80b9-e84efe617cdd" name="Valid HTTP Status Codes"><con:configuration/></con:assertion><con:credentials><con:authType>No Authorization</con:authType></con:credentials><con:jmsConfig JMSDeliveryMode="PERSISTENT"/><con:jmsPropertyConfig/><con:parameters><entry key="id" value="${#TestSuite#id}" xmlns="http://eviware.com/soapui/config"/></con:parameters><con:parameterOrder><con:entry>id</con:entry></con:parameterOrder></con:restRequest></con:config></con:testStep><con:testStep type="restrequest" name="REST delete" id="8f25dd74-4692-44d9-b656-2ca4b87f9848"><con:settings/><con:config service="https://kalinga-be.azurewebsites.net" resourcePath="/api/v1/employees/{id}" methodName="100 1" xsi:type="con:RestRequestStep" xmlns:xsi="http://www.w3.org/2001/XMLSchema-instance"><con:restRequest name="REST delete" id="9bcc1d7e-0505-46ac-b50c-3f16c3e81503" mediaType="application/json" postQueryString="false"><con:settings><con:setting id="com.eviware.soapui.impl.wsdl.WsdlRequest@request-headers">&lt;xml-fragment/></con:setting></con:settings><con:endpoint>https://kalinga-be.azurewebsites.net</con:endpoint><con:request/><con:originalUri>https://kalinga-be.azurewebsites.net/api/v1/employees/1100</con:originalUri><con:assertion type="Simple Contains" id="ca5ce2cc-0314-4a62-8a0a-e1915c901159" name="Contains"><con:configuration><token>DELETED</token><ignoreCase>false</ignoreCase><useRegEx>false</useRegEx></con:configuration></con:assertion><con:credentials><con:authType>No Authorization</con:authType></con:credentials><con:jmsConfig JMSDeliveryMode="PERSISTENT"/><con:jmsPropertyConfig/><con:parameters><entry key="id" value="${#TestSuite#Emp ID delete}" xmlns="http://eviware.com/soapui/config"/></con:parameters><con:parameterOrder><con:entry>id</con:entry></con:parameterOrder></con:restRequest></con:config></con:testStep><con:testStep type="groovy" name="Groovy Script" id="faf87f0b-f1d3-45b4-a062-7a7ea255e7da"><con:settings/><con:config><script>import groovy.json.JsonSlurper
import jxl.*
import jxl.write.*

	Workbook work = Workbook.getWorkbook(new File("C:\\Bibin\\CompSOAP\\APItesting.xls"))
	Sheet sh = work.getSheet(0)
	rc = sh.getRows()
	cc = sh.getColumns()
	log.info'rows count=' + rc
	log.info'column count=' + cc

//	setting custom properties
	def data = testRunner.testCase.testSuite
	data.setPropertyValue('id', '1234')
	data.setPropertyValue('compitencyPOST', 'C1')
	def id = data.getPropertyValue('id')
//	name and year of joining
	for (int i = 0; i &lt; 2; i++) {
	    data.setPropertyValue(sh.getCell(0, i).getContents(), sh.getCell(1, i).getContents())
	}
	
//	post
	log.info'post'
	def testStep = testRunner.testCase.testSteps['REST post']
	for (int j = testStep.assertionCount - 1; j >= 0; j-- ) {
	    testStep.removeAssertion(testStep.getAssertionAt(j))
	}
	def Assertion = testRunner.testCase.testSteps['REST post'].addAssertion('Contains')
	Assertion.setToken('CREATED')
	def tStep = data.testCases['TestCase 1'].testSteps['REST post']
	def status = tStep.run(testRunner, context)
	String out_res = status.getStatus()
	log.info out_res
	if (out_res.equalsIgnoreCase('Ok')) {
	    log.info 'SUCCESS'
	}
	else {
	    log.error 'FAILURE'
	}
	Thread.sleep(2000)

//	get
	log.info'get'
	def gettestStep = testRunner.testCase.testSteps['REST get']
	for (int j = gettestStep.assertionCount - 1; j >= 0; j-- ) {
	    gettestStep.removeAssertion(gettestStep.getAssertionAt(j))
	}
	def getAssertion = testRunner.testCase.testSteps['REST get'].addAssertion('Contains')
	def getAssertion1 = testRunner.testCase.testSteps['REST get'].addAssertion('Valid HTTP Status Codes')
	getAssertion.setToken('ACCEPTED')
//	getAssertion.setToken(data.getPropertyValue('id'))
//	getAssertion.setToken(data.getPropertyValue('name'))
//	getAssertion.setToken(data.getPropertyValue('YearOfJoining'))
//	getAssertion.setToken(data.getPropertyValue('compitency'))
	def getStep = data.testCases['TestCase 1'].testSteps['REST get']
	def Getstatus = getStep.run(testRunner, context)
	String Sget = Getstatus.getStatus()
	log.info Sget
	if (Sget.equalsIgnoreCase('OK')) {
	    log.info 'SUCCESS'
	}
	else {
	    log.error 'FAILURE'
	}
	Thread.sleep(2000)
	

	//put
	log.info'put'
	for (int i = 2; i &lt; rc; i++) {
	    if (i == 2) {
	        data.setPropertyValue('id1', sh.getCell(1, i).getContents())
	    }
	    else if (i == 3) {
	        data.setPropertyValue('competency put', sh.getCell(1, i).getContents())
	    }
	    else {
	        data.setPropertyValue(sh.getCell(0, i).getContents(), sh.getCell(1, i).getContents())
	    }
	}
	def putTestStep = testRunner.testCase.testSteps['REST put']
	for (int j = putTestStep.assertionCount - 1; j >= 0; j-- ) {
	    putTestStep.removeAssertion(putTestStep.getAssertionAt(j))
	}
	def putAssertion = testRunner.testCase.testSteps['REST put'].addAssertion('Contains')
	putAssertion.setToken('UPDATED')
//	putAssertion.setToken(data.getPropertyValue('id1'))
//	putAssertion.setToken(data.getPropertyValue('namePUT'))
//	putAssertion.setToken(data.getPropertyValue('YearOfJoining1'))
//	putAssertion.setToken(data.getPropertyValue('compentency put'))
	def putStep = data.testCases['TestCase 1'].testSteps['REST put']
	def putRes = putStep.run(testRunner, context)
	def json1 = putStep.testRequest.response.responseContent
	def tJson1 = new JsonSlurper()
	try{
		def object1 = tJson1.parseText(json1)
	}
	catch(Exception e){
		log.info e
	}
	String NwSput = putRes.getStatus()
	log.info NwSput
	if (NwSput.equalsIgnoreCase('Ok')) {
	    log.info 'SUCCESS'
	}
	else {
	    log.error 'FAILURE'
	}
	Thread.sleep(2000)
	data.setPropertyValue('id', data.getPropertyValue('id1'))
	def getTestStep = testRunner.testCase.testSteps['REST get']
	for (int j = getTestStep.assertionCount - 1; j >= 0; j-- ) {
	    getTestStep.removeAssertion(getTestStep.getAssertionAt(j))
	}
	def getNwAssertion = testRunner.testCase.testSteps['REST get'].addAssertion('Contains')
	getNwAssertion.setToken('ACCEPTED')
	def getNwStep = data.testCases['TestCase 1'].testSteps['REST get']
	def GetNwstatus = getStep.run(testRunner, context)
	String NwSget = GetNwstatus.getStatus()
	log.info NwSget
	if (NwSget.equalsIgnoreCase('Ok')) {
	    def json = gettestStep.testRequest.response.responseContent
	    def tJson = new JsonSlurper()
	    def object = tJson.parseText(json)
	    data.setPropertyValue('namePUT', object.get('body').get('name'))
	    data.setPropertyValue('YearOfJoining1', object.get('body').get('yearOfJoining').toString())
	}
	else {
	    log.error 'FAILURE'
	}
	work.close()


//	delete
	log.info'delete'
	def delTestStep = testRunner.testCase.testSteps['REST delete']
	for (int j = delTestStep.assertionCount - 1; j >= 0; j-- ) {
	    delTestStep.removeAssertion(delTestStep.getAssertionAt(j))
	}
	def delAssertion = testRunner.testCase.testSteps['REST delete'].addAssertion('Contains')
	delAssertion.setToken('DELETED')
	def deltStep = data.testCases['TestCase 1'].testSteps['REST delete']
	deltStep.run(testRunner, context)
	Thread.sleep(2000)
	def getDelTestStep = testRunner.testCase.testSteps['REST get']
	for (int j = getDelTestStep.assertionCount - 1; j >= 0; j-- ) {
	    getDelTestStep.removeAssertion(getDelTestStep.getAssertionAt(j))
	}
//	def getDelNwAssertion = testRunner.testCase.testSteps['REST get'].addAssertion('Contains')
	def getDelNwAssertion = testRunner.testCase.testSteps['REST get'].addAssertion('Valid HTTP Status Codes')
	data.setPropertyValue('id', id.toString())
	def getDelNwStep = data.testCases['TestCase 1'].testSteps['REST get']
	def GetDelNwstatus = getDelNwStep.run(testRunner, context)
	String NwDelSget = GetDelNwstatus.getStatus()
	log.info NwDelSget
	if (NwDelSget.equalsIgnoreCase('Ok')) {
	    def json = gettestStep.testRequest.response.responseContent
	    def tJson = new JsonSlurper()
	    def object = tJson.parseText(json)
//	    assert object.get('status') == 500
	    log.info 'SUCCESS'
	}
	else {
	    log.error 'FAILURE'
	}
	
	work.close()
</script></con:config></con:testStep><con:testStep type="restrequest" name="REST put" id="36590001-dec2-4e23-b83a-2a814cf447af"><con:settings/><con:config service="https://kalinga-be.azurewebsites.net" resourcePath="/api/v1/employees/{id}" methodName="110 1" xsi:type="con:RestRequestStep" xmlns:xsi="http://www.w3.org/2001/XMLSchema-instance"><con:restRequest name="REST put" id="e64baa7d-caf1-4990-b5ff-0b27c2d710c5" mediaType="application/json" postQueryString="false"><con:settings><con:setting id="com.eviware.soapui.impl.wsdl.WsdlRequest@request-headers">&lt;xml-fragment/></con:setting></con:settings><con:endpoint>https://kalinga-be.azurewebsites.net</con:endpoint><con:request>{
  "compitency": "${#TestSuite#compitency put}",
  "name": "${#TestSuite#namePUT}",
  "yearOfJoining": ${#TestSuite#YearOfJoining1}
}</con:request><con:originalUri>https://kalinga-be.azurewebsites.net/api/v1/employees/110</con:originalUri><con:assertion type="Simple Contains" id="64f4d9d7-3e25-4f3f-895f-9e7329b8994e" name="Contains"><con:configuration><token>UPDATED</token><ignoreCase>false</ignoreCase><useRegEx>false</useRegEx></con:configuration></con:assertion><con:credentials><con:authType>No Authorization</con:authType></con:credentials><con:jmsConfig JMSDeliveryMode="PERSISTENT"/><con:jmsPropertyConfig/><con:parameters><entry key="id" value="${#TestSuite#id1}" xmlns="http://eviware.com/soapui/config"/></con:parameters><con:parameterOrder><con:entry>id</con:entry></con:parameterOrder></con:restRequest></con:config></con:testStep><con:properties/></con:testCase><con:properties><con:property><con:name>id</con:name><con:value>1234</con:value></con:property><con:property><con:name>compitencyPOST</con:name><con:value>C1</con:value></con:property><con:property><con:name>name</con:name><con:value>Bibin Prakash</con:value></con:property><con:property><con:name>YearOfJoining</con:name><con:value>2021</con:value></con:property><con:property><con:name>id1</con:name><con:value>212200</con:value></con:property><con:property><con:name>competency put</con:name><con:value>CEO</con:value></con:property><con:property><con:name>Emp ID delete</con:name><con:value>212200</con:value></con:property></con:properties></con:testSuite><con:properties/><con:wssContainer/><con:oAuth2ProfileContainer/><con:oAuth1ProfileContainer/><con:sensitiveInformation/></con:soapui-project>